[
  {
    "id": "35bb1a68-b59f-447d-939e-d8c514551c12",
    "data": [
      {
        "text": "placement info for ",
        "userDefined": false
      },
      {
        "text": "degree",
        "alias": "Courses",
        "meta": "@Courses",
        "userDefined": false
      },
      {
        "text": " ",
        "userDefined": false
      },
      {
        "text": "electrical",
        "alias": "Branches",
        "meta": "@Branches",
        "userDefined": false
      }
    ],
    "isTemplate": false,
    "count": 0,
    "updated": 0
  },
  {
    "id": "a37e84b4-d6b6-4a2a-b6d1-288fed5c2d85",
    "data": [
      {
        "text": "give ",
        "userDefined": false
      },
      {
        "text": "electrical",
        "alias": "Branches",
        "meta": "@Branches",
        "userDefined": true
      },
      {
        "text": " branch placement info",
        "userDefined": false
      }
    ],
    "isTemplate": false,
    "count": 0,
    "updated": 0
  },
  {
    "id": "1fe0cbc2-8d7e-4054-8667-632d50f7c03c",
    "data": [
      {
        "text": "can you give placement information for ",
        "userDefined": false
      },
      {
        "text": "CSE",
        "alias": "Branches",
        "meta": "@Branches",
        "userDefined": true
      },
      {
        "text": " branch",
        "userDefined": false
      }
    ],
    "isTemplate": false,
    "count": 0,
    "updated": 0
  },
  {
    "id": "4519f252-a7de-42d4-8009-4a04bb2be8cf",
    "data": [
      {
        "text": "placement info for ",
        "userDefined": false
      },
      {
        "text": "mech",
        "alias": "Branches",
        "meta": "@Branches",
        "userDefined": true
      },
      {
        "text": " branch",
        "userDefined": false
      }
    ],
    "isTemplate": false,
    "count": 0,
    "updated": 0
  },
  {
    "id": "f1944a61-45ff-4ff2-a66a-649f9e029105",
    "data": [
      {
        "text": "can you give placement information",
        "userDefined": false
      }
    ],
    "isTemplate": false,
    "count": 0,
    "updated": 0
  },
  {
    "id": "e4ddfa3a-9184-43d5-b2dd-1805457c8b33",
    "data": [
      {
        "text": "give information about placement in college",
        "userDefined": false
      }
    ],
    "isTemplate": false,
    "count": 0,
    "updated": 0
  },
  {
    "id": "0c92a04c-7bd6-48d8-8719-2e0307ca918b",
    "data": [
      {
        "text": "placement",
        "userDefined": false
      }
    ],
    "isTemplate": false,
    "count": 0,
    "updated": 0
  },
  {
    "id": "77cb3b1d-f967-494a-87e8-dcb0ef4655be",
    "data": [
      {
        "text": "placement information",
        "userDefined": false
      }
    ],
    "isTemplate": false,
    "count": 0,
    "updated": 0
  }
]