[
  {
    "value": "Automobile",
    "synonyms": [
      "Automobile",
      "auto"
    ]
  },
  {
    "value": "Civil",
    "synonyms": [
      "Civil",
      "civil engineering"
    ]
  },
  {
    "value": "Computer Science",
    "synonyms": [
      "Computer Science",
      "computer",
      "cs",
      "cse"
    ]
  },
  {
    "value": "Electrical",
    "synonyms": [
      "Electrical",
      "elect",
      "electrical engineering"
    ]
  },
  {
    "value": "Electronics \u0026 Communication",
    "synonyms": [
      "EC",
      "Electronics \u0026 Communication"
    ]
  },
  {
    "value": "Information \u0026 Technology",
    "synonyms": [
      "IT",
      "Information \u0026 Technology",
      "it"
    ]
  },
  {
    "value": "Mechanical",
    "synonyms": [
      "Mechanical",
      "mech",
      "mechanical engineering"
    ]
  }
]